date;time;status;reference;description;assetType;type;isin;shares;price;amount;fee;tax;currency
2026-03-06;17:41:39;Pending;"SCALc7JpW3D7fid";"BigBear.ai Holdings";Security;Sell;US08975B1098;0;0,00;0,00;0,00;0,00;EUR
2026-03-06;17:19:55;Pending;"SCAL6PQJDS53hvq";"iShares MSCI ACWI (Acc)";Security;Sell;IE00B6R52259;0;0,00;0,00;0,00;0,00;EUR
2026-03-06;18:14:02;Pending;"SCALg5iB2uRfHD2";"BigBear.ai Holdings";Security;Sell;US08975B1098;0;0,00;0,00;0,00;0,00;EUR
2026-04-12;02:00:00;Executed;"X3XAFCEPCFMLTY2L";"PRIME+ subscription";Cash;Fee;;;;-4,99;0,00;;EUR
2026-04-01;11:20:46;Executed;"SCALqMSexwsMTca";"iShares Core MSCI World (Acc)";Security;Savings plan;IE00B4L5Y983;1,36927;109,73;-150,2499971;0,00;0,00;EUR
2026-04-01;02:00:00;Executed;"58c6673f-f8db-41dd-b113-aa2ed897878e";;Cash;Interest;;;;0,67;0,00;0,00;EUR
2026-03-31;02:00:00;Executed;"MHZSUOWCKWZHWTBWYGWAZU";"Scalable Capital Broker savings plan";Cash;Deposit;;;;150,25;0,00;;EUR
2026-03-17;01:00:00;Executed;"348605_nSKh1w67VLn2u2SUQiNzy2";"Microsoft";Cash;Distribution;US5949181045;;;0,40;0,00;0,17;EUR
2026-03-13;01:00:00;Executed;"K6PZKCYIQVTDXJTN";"PRIME+ subscription";Cash;Fee;;;;-4,99;0,00;;EUR
2026-03-06;18:13:48;Executed;"SCAL7ETgEVtpwwq";"BigBear.ai Holdings";Security;Buy;US08975B1098;26;3,734;-97,084;0,99;0,00;EUR
2026-03-06;18:02:12;Executed;"SCALLNVm1yBrRt3";"NVIDIA";Security;Sell;US67066G1040;3;157,12;471,36;0,00;0,00;EUR
2026-03-06;18:02:02;Cancelled;"SCAL83Bcs3u6JBh";"NVIDIA";Security;Sell;US67066G1040;0;0,00;0,00;0,00;0,00;EUR
2026-03-06;17:41:25;Executed;"SCALEALXnexSKJz";"BigBear.ai Holdings";Security;Buy;US08975B1098;13;3,706;-48,178;0,99;0,00;EUR
2026-03-06;17:33:48;Executed;"SCALePPwBciu5RE";"NVIDIA";Security;Buy;US67066G1040;3;156,54;-469,62;0,00;0,00;EUR
2026-03-06;17:33:16;Executed;"SCALzxNPJ5nMviF";"Microsoft";Security;Sell;US5949181045;0,718545;355,10;255,1553295;0,00;0,00;EUR
2026-03-06;17:22:43;Executed;"SCALQuwuzcCwxbK";"Amazon.com";Security;Sell;US0231351067;1,510438;185,30;279,8841614;0,00;0,00;EUR
2026-03-06;17:19:21;Executed;"SCALcFy2iJp14E2";"iShares MSCI ACWI (Acc)";Security;Buy;IE00B6R52259;3;93,89;-281,67;0,00;0,00;EUR
2026-03-06;17:13:24;Executed;"SCALdbf23uvtZ67";"Alphabet A";Security;Sell;US02079K3059;1,266008;258,40;327,1364672;0,00;0,00;EUR
2026-03-02;11:09:04;Executed;"SCALvvrU66WLyVx";"iShares Core MSCI World (Acc)";Security;Savings plan;IE00B4L5Y983;1,326494;113,08;-149,99994152;0,00;0,00;EUR
2026-02-27;01:00:00;Executed;"ARRP7JHYGT9HGHKE63GIFK";"Scalable Capital Broker savings plan";Cash;Deposit;;;;150,00;0,00;;EUR
2026-02-16;01:00:00;Executed;"VB2KSYU8ADR3N8GP";"PRIME+ subscription";Cash;Fee;;;;-4,99;0,00;;EUR
2026-02-16;01:00:00;Executed;"IUGAKEEBDYG5TJE6VCSDQY";"Scalable Broker PRIME bis 12.03.2026";Cash;Deposit;;;;4,99;0,00;;EUR
2026-02-02;11:58:14;Executed;"SCAL4hnP2EWKuCF";"Alphabet A";Security;Savings plan;US02079K3059;0,177462;281,75;-49,9999185;0,00;0,00;EUR
2026-02-02;11:53:55;Executed;"SCALJvSHrk6BD87";"Amazon.com";Security;Savings plan;US0231351067;0,249563;200,35;-49,99994705;0,00;0,00;EUR
2026-02-02;11:36:33;Executed;"SCALAtCeywhELku";"Microsoft";Security;Savings plan;US5949181045;0,138831;360,15;-49,99998465;0,00;0,00;EUR
2026-01-30;01:00:00;Executed;"SAKI5VSUCBWUFMDY9RRKSP";"Scalable Capital Broker 3x savings plan";Cash;Deposit;;;;150,00;0,00;;EUR
2026-01-14;01:00:00;Executed;"TZBZDU3EDYI27NZKDW2AWX";"Scalable Broker PRIME bis 12.02.2026";Cash;Deposit;;;;4,99;0,00;;EUR
2026-01-14;01:00:00;Executed;"VRJ3RH0NDZREERXW";"PRIME+ subscription";Cash;Fee;;;;-4,99;0,00;;EUR
2026-01-02;11:32:53;Executed;"SCALjNo6FsQM3eu";"Alphabet A";Security;Savings plan;US02079K3059;0,184604;270,85;-49,9999934;0,00;0,00;EUR
2026-01-02;11:11:26;Executed;"SCALxgUGBsxQtKw";"Microsoft";Security;Savings plan;US5949181045;0,12051;414,90;-49,999599;0,00;0,00;EUR
2026-01-02;11:10:00;Executed;"SCALPGK4BerfDC3";"Amazon.com";Security;Savings plan;US0231351067;0,251306;198,96;-49,99984176;0,00;0,00;EUR
2026-01-01;01:00:00;Executed;"29433ca5-e8c0-4bfe-b860-430004b7dad4";;Cash;Interest;;;;0,11;0,00;0,00;EUR
2025-12-31;01:00:00;Executed;"9GUK8XTOLTOMU3ZDASJW7E";"Scalable Capital Broker 3x savings plan";Cash;Deposit;;;;150,00;0,00;;EUR
2025-12-18;01:00:00;Executed;"262966_nSKh1w67VLn2u2SUQiNzy2";"Alphabet A";Cash;Distribution;US02079K3059;;;0,11;0,00;0,05;EUR
2025-12-16;01:00:00;Executed;"S0PP8NMV0PKD7KQV";"PRIME+ subscription";Cash;Fee;;;;-4,99;0,00;;EUR
2025-12-16;01:00:00;Executed;"ELPJUYLBOYQ943DHUUH2JR";"Scalable Broker PRIME bis 12.01.2026";Cash;Deposit;;;;4,99;0,00;;EUR
2025-12-16;01:00:00;Executed;"275054_nSKh1w67VLn2u2SUQiNzy2";"Microsoft";Cash;Distribution;US5949181045;;;0,18;0,00;0,08;EUR
2025-12-08;01:00:00;Executed;"5KX6MI";"Migration Cash";Cash;Withdrawal;;;;-2,14;0,00;;EUR
2025-12-07;01:00:00;Executed;"BULK_SHARES_nSKh1w67VLn2u2SUQiNzy2";;Cash;Deposit;;;;0,00;0,00;;EUR
2025-12-07;01:00:00;Executed;"BULK_GENERAL_nSKh1w67VLn2u2SUQiNzy2";;Cash;Deposit;;;;0,02;0,00;;EUR
2025-12-06;01:00:00;Executed;"SWITCH-101-nSKh1w67VLn2u2SUQiNzy2-US08975B1098-WDP";"BigBear.ai Holdings";Security;Security transfer;US08975B1098;3;5,828;17,484;;;EUR
2025-12-06;01:00:00;Executed;"SWITCH-101-nSKh1w67VLn2u2SUQiNzy2-EUR-DEPOSIT";"";Cash;Deposit;;;;2,14;0,00;;EUR
2025-12-05;01:00:00;Executed;"WWUM 00587834822";"BigBear.ai Holdings";Security;Security transfer;US08975B1098;-3;5,95;-17,85;;;EUR
2025-12-01;11:55:05;Executed;"SCALoiATQmvteDr";"Microsoft";Security;Savings plan;US5949181045;0,118764;421,00;-49,999644;0,00;0,00;EUR
2025-12-01;11:43:41;Executed;"SCALoHQoymBDKPM";"Amazon.com";Security;Savings plan;US0231351067;0,250651;199,48;-49,99986148;0,00;0,00;EUR
2025-12-01;11:29:52;Executed;"SCALoZDYqk2pdmy";"Alphabet A";Security;Savings plan;US02079K3059;0,182581;273,85;-49,99980685;0,00;0,00;EUR
2025-11-28;01:00:00;Executed;"EZCXDURHOA5D9GTZRTYPNR";"Scalable Capital Broker 3x savings plan";Cash;Deposit;;;;150,00;0,00;;EUR
2025-11-14;01:00:00;Executed;"BAY0ONHDVBRXDDRD";"PRIME+ subscription";Cash;Fee;;;;-4,99;0,00;;EUR
2025-11-14;01:00:00;Executed;"ZDWPA2DDZFY3R7V6YZ4AYR";"Scalable Broker PRIME bis 12.12.2025";Cash;Deposit;;;;4,99;0,00;;EUR
2025-11-03;11:58:58;Executed;"SCALxspiWFxhmft";"Amazon.com";Security;Savings plan;US0231351067;0,234796;212,95;-49,9998082;0,00;0,00;EUR
2025-11-03;11:55:31;Executed;"SCAL9B38oWKXcun";"Microsoft";Security;Savings plan;US5949181045;0,110901;450,85;-49,99971585;0,00;0,00;EUR
2025-11-03;11:52:43;Executed;"SCALTRR8xV25mk1";"Alphabet A";Security;Savings plan;US02079K3059;0,202757;246,60;-49,9998762;0,00;0,00;EUR
2025-10-31;01:00:00;Executed;"RAMJGDQZCGCRTSA6SWSE7P";"Scalable Capital Broker 3x savings plan";Cash;Deposit;;;;150,00;0,00;;EUR
2025-10-14;02:00:00;Executed;"2I6BYRBXCPQSPC9PFRSQFP";"Scalable Broker PRIME bis 12.11.2025";Cash;Deposit;;;;4,99;0,00;;EUR
2025-10-14;02:00:00;Executed;"ZUEMFEESN4BYASUJ";"PRIME+ subscription";Cash;Fee;;;;-4,99;0,00;;EUR
2025-10-01;12:08:56;Executed;"SCAL6eYQnqcZUUZ";"Microsoft";Security;Savings plan;US5949181045;0,113986;438,64875;-49,9998164175;0,00;0,00;EUR
2025-10-01;12:08:15;Executed;"SCALJmcgLyozXzk";"Amazon.com";Security;Savings plan;US0231351067;0,268499;186,22;-49,99988378;0,00;0,00;EUR
2025-10-01;11:24:58;Executed;"SCALjvUSxpcWpz2";"Alphabet A";Security;Savings plan;US02079K3059;0,243486;205,35;-49,9998501;0,00;0,00;EUR
2025-10-01;02:00:00;Executed;"f71d38d0-acfe-4ae8-9803-8f44ce0cb6af";;Cash;Interest;;;;0,03;0,00;0,02;EUR
2025-09-30;02:00:00;Executed;"52025003";"KKT-Abschluss";Cash;Interest;;;;0,02;0,00;0,00;EUR
2025-09-30;02:00:00;Executed;"9PRTRZ3KDXQX7MDT6NMRRU";"Scalable Capital Broker 3x savings plan";Cash;Deposit;;;;150,00;0,00;;EUR
2025-09-17;02:00:00;Executed;"125704_nSKh1w67VLn2u2SUQiNzy2";"Alphabet A";Cash;Distribution;US02079K3059;;;0,03;0,00;0,02;EUR
2025-09-15;02:00:00;Executed;"L2NOMR6EIANQ6KTV";"PRIME+ subscription";Cash;Fee;;;;-4,99;0,00;;EUR
2025-09-01;11:40:37;Executed;"SCALuwGW6ksVHeD";"Alphabet A";Security;Savings plan;US02079K3059;0,275118;181,74;-49,99994532;0,00;0,00;EUR
2025-09-01;11:22:37;Executed;"SCALZC4RJD6eVbR";"Microsoft";Security;Savings plan;US5949181045;0,115553;432,70;-49,9997831;0,00;0,00;EUR
2025-09-01;11:17:09;Executed;"SCALMYCGDYH8CH2";"Amazon.com";Security;Savings plan;US0231351067;0,255623;195,60;-49,9998588;0,00;0,00;EUR
2025-08-29;02:00:00;Executed;"IXGNCZPOGTJDLPZ9FJFLEE";"Scalable Capital Broker 3x savings plan";Cash;Deposit;;;;150,00;0,00;;EUR
2025-08-13;02:00:00;Executed;"M9JYLVCLBEPNEHNT";"PRIME+ subscription";Cash;Fee;;;;-4,99;0,00;;EUR
2025-07-24;22:42:33;Executed;"SCALEWRzxcgZUgH";"BigBear.ai Holdings";Security;Buy;US08975B1098;3;6,69;-20,07;0,99;0,00;EUR
2025-07-14;02:00:00;Executed;"5E96LNJEIDWJ75V3";"PRIME+ subscription";Cash;Fee;;;;-4,99;0,00;;EUR
2025-06-30;02:00:00;Executed;"52025002";"KKT-Abschluss";Cash;Interest;;;;0,13;0,00;0,00;EUR
2025-06-13;02:00:00;Executed;"POFNUW3HGT4TUHZ4";"PRIME+ subscription";Cash;Fee;;;;-4,99;0,00;;EUR
2025-05-13;02:00:00;Executed;"PVT99P9NRBEMGNJM";"PRIME+ subscription";Cash;Fee;;;;-4,99;0,00;;EUR
2025-04-14;02:00:00;Executed;"VRCEMNTZM6BIZEW3";"PRIME+ subscription";Cash;Fee;;;;-4,99;0,00;;EUR
2025-03-31;02:00:00;Executed;"52025001";"KKT-Abschluss";Cash;Interest;;;;0,28;0,00;0,00;EUR
2025-03-14;01:00:00;Executed;"CMMMWJTNDC8R3HCO";"PRIME+ subscription";Cash;Fee;;;;-4,99;0,00;;EUR
2025-02-14;01:00:00;Executed;"WGAS9BQQHFYB7Y7H";"PRIME+ subscription";Cash;Fee;;;;-4,99;0,00;;EUR
2025-01-14;01:00:00;Executed;"KUF5MQN9RYBPCSQT";"PRIME+ subscription";Cash;Fee;;;;-4,99;0,00;;EUR
2024-12-31;01:00:00;Executed;"52024004";"KKT-Abschluss";Cash;Interest;;;;0,50;0,00;0,00;EUR
2024-12-16;01:00:00;Executed;"WW7EVUT92UPCV0K3";"PRIME+ subscription";Cash;Fee;;;;-4,99;0,00;;EUR
2024-11-14;01:00:00;Executed;"AOSO2JYECIVGTEIT";"PRIME+ subscription";Cash;Fee;;;;-4,99;0,00;;EUR
2024-10-14;02:00:00;Executed;"NLUKDYDM8YEGT3ZV";"PRIME+ subscription";Cash;Fee;;;;-4,99;0,00;;EUR
2024-09-30;02:00:00;Executed;"52024003";"KKT-Abschluss";Cash;Interest;;;;1,3799;0,00;0,00;EUR
2024-09-13;02:00:00;Executed;"G2PPCA7EO2BWPI0K";"PRIME+ subscription";Cash;Fee;;;;-4,99;0,00;;EUR
2024-08-20;02:00:00;Executed;"H8Z8ODEMKSVMI5UV7KZV69";"Scalable Capital Broker withdrawal";Cash;Withdrawal;;;;-300,00;0,00;;EUR
2024-08-13;02:00:00;Executed;"AZE6ZFAZYJWTWRIA";"PRIME+ subscription";Cash;Fee;;;;-4,99;0,00;;EUR
2024-07-17;02:00:00;Executed;"C2CPNJODJYHPMFT3S2GKLU";"Scalable Capital Broker withdrawal";Cash;Withdrawal;;;;-1.000,00;0,00;;EUR
2024-07-15;20:20:14;Executed;"SCAL6QUAjuoBpjw";"Riot Platforms";Security;Sell;US7672921050;34;10,44;354,96;0,00;0,00;EUR
2024-07-15;02:00:00;Executed;"HVWI7C1XYQU8NATL";"PRIME+ subscription";Cash;Fee;;;;-4,99;0,00;;EUR
2024-07-12;15:23:23;Executed;"SCAL2NiB13tGVBA";"Riot Platforms";Security;Sell;US7672921050;93;8,559;795,987;0,00;0,00;EUR
2024-07-12;15:22:22;Executed;"SCALKjGdLpzAhE1";"GameStop A";Security;Sell;US36467W1099;8;23,645;189,16;0,99;0,00;EUR
2024-06-28;19:21:32;Executed;"SCALsvi7VPNwo9B";"GameStop A";Security;Buy;US36467W1099;8;23,60;-188,80;0,99;0,00;EUR
2024-06-28;02:00:00;Executed;"52024002";"KKT-Abschluss";Cash;Interest;;;;5,01;0,00;0,00;EUR
2024-06-24;19:34:08;Executed;"SCALKGGzRUR9NzE";"Riot Platforms";Security;Buy;US7672921050;35;8,469;-296,415;0,00;0,00;EUR
2024-06-24;13:14:20;Executed;"SCALT95MNgp7HhE";"Riot Platforms";Security;Buy;US7672921050;34;8,581;-291,754;0,00;0,00;EUR
2024-06-24;08:01:28;Executed;"SCALSgEhEaa6Ur7";"Riot Platforms";Security;Buy;US7672921050;57;8,771;-499,947;0,00;0,00;EUR
2024-06-18;08:15:40;Executed;"SCALLtqUejN8SUr";"Riot Platforms";Security;Buy;US7672921050;1;10,042;-10,042;0,99;0,00;EUR
2024-06-17;21:45:20;Executed;"SCALqLY2Fz2SkRt";"Riot Platforms";Security;Sell;US7672921050;130;10,10;1.313,00;0,00;0,00;EUR
2024-06-17;20:34:16;Cancelled;"SCALzvYvhya1Bap";"Riot Platforms";Security;Sell;US7672921050;0;0,00;0,00;0,00;0,00;EUR
2024-06-17;20:33:20;Cancelled;"SCALmCuzptX2etf";"Riot Platforms";Security;Sell;US7672921050;0;0,00;0,00;0,00;0,00;EUR
2024-06-13;02:00:00;Executed;"9BAC3R7PUIHCYKZI";"PRIME+ subscription";Cash;Fee;;;;-4,99;0,00;;EUR
2024-05-23;02:00:00;Executed;"5ZPYZNEJ21T6EBYUQTI6EB";"Scalable Capital Broker withdrawal";Cash;Withdrawal;;;;-2.000,00;0,00;;EUR
2024-05-22;02:00:00;Executed;"6GPBCV2EHHWPYBYKEP16JN";"Scalable Capital Broker withdrawal";Cash;Withdrawal;;;;-1.000,00;0,00;;EUR
2024-05-20;21:41:10;Executed;"SCALBeEDiFfNe61";"Riot Platforms";Security;Sell;US7672921050;99;10,064;996,336;0,00;0,00;EUR
2024-05-20;19:11:35;Executed;"SCALXrepuQFH2gC";"Riot Platforms";Security;Sell;US7672921050;101;9,809;990,709;0,00;0,00;EUR
2024-05-17;16:51:44;Executed;"SCALT9w61srb6d2";"Riot Platforms";Security;Sell;US7672921050;105;9,425;989,625;0,00;0,00;EUR
2024-05-13;02:00:00;Executed;"KFUJ8AXCZHEVFTML";"PRIME+ subscription";Cash;Fee;;;;-4,99;0,00;;EUR
2024-05-10;18:37:24;Executed;"SCALdPM5LBoQRxw";"Riot Platforms";Security;Buy;US7672921050;57;8,715;-496,755;0,00;0,00;EUR
2024-05-07;08:20:28;Executed;"SCALsKhHVfq5Peb";"Riot Platforms";Security;Buy;US7672921050;39;10,022;-390,858;0,00;0,00;EUR
2024-05-03;15:45:49;Executed;"SCAL4nqSCBU5imm";"Riot Platforms";Security;Buy;US7672921050;49;10,188;-499,212;0,00;0,00;EUR
2024-05-03;09:13:07;Executed;"SCAL73EZ17Y1qza";"Riot Platforms";Security;Buy;US7672921050;50;9,90;-495,00;0,00;0,00;EUR
2024-04-30;21:42:00;Executed;"SCALykfdez6pwco";"Riot Platforms";Security;Buy;US7672921050;52;9,496;-493,792;0,00;0,00;EUR
2024-04-30;14:49:42;Executed;"SCALxoYGq18435f";"Riot Platforms";Security;Buy;US7672921050;50;9,923;-496,15;0,00;0,00;EUR
2024-04-29;10:02:49;Executed;"SCALzYkVQvaHLF7";"Riot Platforms";Security;Buy;US7672921050;46;10,864;-499,744;0,00;0,00;EUR
2024-04-26;20:01:25;Executed;"SCAL8jjbNfLLT1a";"Riot Platforms";Security;Buy;US7672921050;88;11,34;-997,92;0,00;0,00;EUR
2024-04-25;10:55:08;Executed;"SCAL4LA2PL3wb2Q";"Riot Platforms";Security;Buy;US7672921050;4;10,804;-43,216;0,99;0,00;EUR
2024-04-25;10:49:21;Executed;"SCALumE4XNsnp1r";"Riot Platforms";Security;Sell;US7672921050;268;10,794;2.892,792;0,00;0,00;EUR
2024-04-24;16:38:14;Cancelled;"SCALERfvmw93WDX";"Riot Platforms";Security;Sell;US7672921050;0;0,00;0,00;0,00;0,00;EUR
2024-04-24;15:43:19;Executed;"SCALD8XBXLs67Br";"Riot Platforms";Security;Buy;US7672921050;86;11,62;-999,32;0,00;0,00;EUR
2024-04-24;15:40:42;Executed;"SCALcGDHkkugGWG";"Riot Platforms";Security;Buy;US7672921050;173;11,498;-1.989,154;0,00;0,00;EUR
2024-04-24;12:07:25;Executed;"SCALhvVi5ksdXLR";"Riot Platforms";Security;Buy;US7672921050;9;11,104;-99,936;0,99;0,00;EUR
2024-04-24;11:24:06;Executed;"SCALxKncopqrfGu";"Riot Platforms";Security;Sell;US7672921050;421;10,89;4.584,6899;0,00;0,00;EUR
2024-04-23;21:30:26;Cancelled;"SCALixJbhoJtsYi";"Riot Platforms";Security;Sell;US7672921050;0;0,00;0,00;0,00;0,00;EUR
2024-04-23;18:01:39;Cancelled;"SCALeyJsTrRvTac";"Riot Platforms";Security;Sell;US7672921050;0;0,00;0,00;0,00;0,00;EUR
2024-04-16;02:32:07;Rejected;"SCALxrzT17krc5j";"Riot Platforms";Security;Sell;US7672921050;0;0,00;0,00;0,00;0,00;EUR
2024-04-15;02:00:00;Executed;"T855OHUEVADLQB9Q";"PRIME+ subscription";Cash;Fee;;;;-4,99;0,00;;EUR
2024-04-04;08:16:01;Executed;"SCALpw8gQXFtj6N";"Riot Platforms";Security;Buy;US7672921050;51;9,649;-492,099;0,00;0,00;EUR
2024-04-03;15:49:36;Executed;"SCALEwm3bDDauPp";"Riot Platforms";Security;Buy;US7672921050;51;9,752;-497,352;0,00;0,00;EUR
2024-04-02;16:13:51;Executed;"SCALnRiN4rUGUwu";"Riot Platforms";Security;Buy;US7672921050;50;9,95;-497,50;0,00;0,00;EUR
2024-04-02;15:33:54;Executed;"SCALw7KVu9L2VG6";"Riot Platforms";Security;Buy;US7672921050;50;9,861;-493,05;0,00;0,00;EUR
2024-04-02;15:31:36;Executed;"SCALuKKJDGzUojk";"Riot Platforms";Security;Buy;US7672921050;80;9,999;-799,92;0,00;0,00;EUR
2024-04-02;15:30:45;Executed;"SCALViwvJwvjhqf";"Riot Platforms";Security;Buy;US7672921050;49;10,036;-491,764;0,00;0,00;EUR
2024-04-02;09:19:44;Executed;"SCALGvnorg8kVLx";"Riot Platforms";Security;Buy;US7672921050;46;10,798;-496,708;0,00;0,00;EUR
2024-03-28;01:00:00;Executed;"52024001";"KKT-Abschluss";Cash;Interest;;;;3,55;0,00;0,00;EUR
2024-03-21;19:25:01;Executed;"SCAL6CpdsLEunc4";"Riot Platforms";Security;Buy;US7672921050;44;11,132;-489,808;0,00;0,00;EUR
2024-03-21;19:22:52;Executed;"SCALAZ6b445RdTL";"Riot Platforms";Security;Sell;US7672921050;387;11,04;4.272,4799;0,00;0,00;EUR
2024-03-19;09:16:06;Executed;"SCALiZLwtSZjhzp";"Riot Platforms";Security;Buy;US7672921050;43;10,248;-440,664;0,00;0,00;EUR
2024-03-19;09:15:51;Executed;"SCALLvHma8hKByA";"Cleanspark";Security;Sell;US18452B2097;29;15,15;439,35;0,00;0,00;EUR
2024-03-19;09:09:48;Executed;"SCALU8vW5VWR81J";"Riot Platforms";Security;Buy;US7672921050;9;10,134;-91,206;0,99;0,00;EUR
2024-03-18;14:46:24;Executed;"SCAL9je5cu5Bhsu";"Riot Platforms";Security;Buy;US7672921050;38;10,304;-391,552;0,00;0,00;EUR
2024-03-15;20:27:37;Executed;"SCALpKTycCSMsJ7";"Riot Platforms";Security;Buy;US7672921050;46;10,806;-497,076;0,00;0,00;EUR
2024-03-15;01:00:00;Executed;"935229138";"SCALABLE CAPITAL";Cash;Deposit;;;;1.000,00;0,00;;EUR
2024-03-14;14:32:07;Executed;"SCALcKXw9UDe8UE";"Riot Platforms";Security;Buy;US7672921050;23;10,522;-242,006;0,99;0,00;EUR
2024-03-14;01:00:00;Executed;"W0VGPKPC0XMVDIFD";"PRIME+ subscription";Cash;Fee;;;;-4,99;0,00;;EUR
2024-03-12;19:52:18;Executed;"SCALg4tDycyQ7MD";"Riot Platforms";Security;Buy;US7672921050;23;10,738;-246,974;0,99;0,00;EUR
2024-03-11;17:49:14;Executed;"SCALCubzqSHBZdi";"Cleanspark";Security;Buy;US18452B2097;29;17,05;-494,45;0,00;0,00;EUR
2024-03-11;16:25:59;Executed;"SCALQcV19ooMRDb";"Riot Platforms";Security;Buy;US7672921050;45;11,06;-497,70;0,00;0,00;EUR
2024-03-08;16:33:10;Executed;"SCAL4v7HdSvkfJQ";"Cleanspark";Security;Sell;US18452B2097;60;18,00;1.080,00;0,00;0,00;EUR
2024-03-08;13:22:06;Executed;"SCALpQup9tv1YpW";"Cleanspark";Security;Buy;US18452B2097;60;16,60;-996,00;0,00;0,00;EUR
2024-03-07;16:52:41;Executed;"SCAL47Ji71HGA5j";"AMC Entertainment A";Security;Sell;US00165C3025;97;4,36;422,92;0,00;0,00;EUR
2024-03-06;01:00:00;Executed;"934878481";"SCALABLE CAPITAL";Cash;Deposit;;;;500,00;0,00;;EUR
2024-03-05;16:48:15;Executed;"SCALj5J2SbAWcKf";"Riot Platforms";Security;Buy;US7672921050;43;11,432;-491,576;0,00;0,00;EUR
2024-02-29;17:56:44;Executed;"SCALF2rqoFkuBf7";"Riot Platforms";Security;Buy;US7672921050;38;12,80;-486,40;0,00;0,00;EUR
2024-02-28;10:21:16;Executed;"SCALj7ZG1CEVusp";"AMC Entertainment A";Security;Buy;US00165C3025;43;4,58;-196,94;0,99;0,00;EUR
2024-02-28;10:20:37;Cancelled;"SCALJZQjwY5txYi";"AMC Entertainment A";Security;Buy;US00165C3025;0;0,00;0,00;0,00;0,00;EUR
2024-02-27;16:31:45;Executed;"SCAL1Za9bRazNR7";"Riot Platforms";Security;Sell;US7672921050;73;15,938;1.163,474;0,00;0,00;EUR
2024-02-27;09:34:01;Cancelled;"SCALoi7xaxqeDAE";"Riot Platforms";Security;Sell;US7672921050;0;0,00;0,00;0,00;0,00;EUR
2024-02-26;18:41:29;Cancelled;"SCAL5iLGF5MiXLk";"Riot Platforms";Security;Sell;US7672921050;0;0,00;0,00;0,00;0,00;EUR
2024-02-26;17:21:59;Cancelled;"SCALT2odGMxEsHe";"Riot Platforms";Security;Sell;US7672921050;0;0,00;0,00;0,00;0,00;EUR
2024-02-26;16:20:59;Cancelled;"SCALSR3vhon1gas";"Riot Platforms";Security;Sell;US7672921050;0;0,00;0,00;0,00;0,00;EUR
2024-02-26;01:00:00;Executed;"934229998";"SCALABLE CAPITAL";Cash;Deposit;;;;500,00;0,00;;EUR
2024-02-15;17:18:20;Cancelled;"SCALFMV5LBtZP9Y";"Riot Platforms";Security;Sell;US7672921050;0;0,00;0,00;0,00;0,00;EUR
2024-02-14;11:12:16;Cancelled;"SCALC8pyc3tzsgv";"Riot Platforms";Security;Sell;US7672921050;0;0,00;0,00;0,00;0,00;EUR
2024-02-14;01:00:00;Executed;"OB7GE2AJPC7FP6OI";"PRIME+ subscription";Cash;Fee;;;;-4,99;0,00;;EUR
2024-02-13;13:15:18;Executed;"SCALtwboWqL2h7D";"AMC Entertainment A";Security;Buy;US00165C3025;47;4,22;-198,34;0,99;0,00;EUR
2024-02-13;13:08:12;Executed;"SCALdqNhPKmaMV6";"Riot Platforms";Security;Sell;US7672921050;16;14,726;235,616;0,99;0,00;EUR
2024-02-13;13:06:37;Executed;"SCALhSbqVB7HVLa";"AMC Entertainment A";Security;Buy;US00165C3025;7;4,20;-29,40;0,99;0,00;EUR
2024-01-22;01:00:00;Executed;"P1DZ1LPIBHEYT38P";"PRIME subscription";Cash;Fee;;;;-35,88;0,00;;EUR
2024-01-11;17:55:47;Executed;"SCAL47nPkH9C6NT";"Riot Platforms";Security;Buy;US7672921050;16;12,378;-198,048;0,99;0,00;EUR
2024-01-05;17:01:34;Executed;"SCALDrJnTv5FbYe";"Riot Platforms";Security;Buy;US7672921050;21;13,63;-286,23;0,00;0,00;EUR
2024-01-03;12:29:34;Executed;"SCALuDnv6ixGhjN";"Riot Platforms";Security;Buy;US7672921050;10;13,832;-138,32;0,99;0,00;EUR
2024-01-02;07:31:46;Cancelled;"SCALJU92SVgnyX2";"Riot Platforms";Security;Sell;US7672921050;0;0,00;0,00;0,00;0,00;EUR
2024-01-02;01:00:00;Executed;"931827026";"SCALABLE CAPITAL";Cash;Deposit;;;;500,00;0,00;;EUR
2023-12-29;12:20:55;Cancelled;"SCALf2avSUJnGRK";"Riot Platforms";Security;Sell;US7672921050;0;0,00;0,00;0,00;0,00;EUR
2023-12-29;12:14:05;Cancelled;"SCALKy1eTS9mqAQ";"Riot Platforms";Security;Sell;US7672921050;0;0,00;0,00;0,00;0,00;EUR
2023-12-29;01:00:00;Executed;"52023004";"KKT-Abschluss";Cash;Interest;;;;-0,46;0,00;185,98;EUR
2023-12-28;17:04:28;Executed;"SCALNoiihhwe1QW";"Riot Platforms";Security;Buy;US7672921050;31;15,926;-493,706;0,00;0,00;EUR
2023-12-28;15:49:18;Executed;"SCALrDnxCS7rach";"Riot Platforms";Security;Buy;US7672921050;31;15,944;-494,264;0,00;0,00;EUR
2023-12-28;13:26:13;Executed;"SCALsK4V96j8pNf";"Riot Platforms";Security;Buy;US7672921050;30;16,63;-498,90;0,00;0,00;EUR
2023-12-28;13:23:41;Executed;"SCALwg7RrnopxPH";"Riot Platforms";Security;Buy;US7672921050;29;16,838;-488,302;0,00;0,00;EUR
2023-12-28;09:49:39;Executed;"SCALZJ7SM53AXi4";"Riot Platforms";Security;Sell;US7672921050;62;17,366;1.076,692;0,00;0,00;EUR
2023-12-28;09:48:44;Cancelled;"SCALd2iHiodzioB";"Riot Platforms";Security;Sell;US7672921050;0;0,00;0,00;0,00;0,00;EUR
2023-12-27;16:21:03;Executed;"SCALr9ZAe2yLgwB";"Riot Platforms";Security;Buy;US7672921050;62;16,002;-992,124;0,00;0,00;EUR
2023-12-22;11:57:04;Executed;"SCALeD1AvBNEstu";"Riot Platforms";Security;Sell;US7672921050;129;15,526;2.002,854;0,00;0,00;EUR
2023-12-22;11:56:39;Cancelled;"SCALvAU7Up1Uo78";"Riot Platforms";Security;Sell;US7672921050;0;0,00;0,00;0,00;0,00;EUR
2023-12-22;09:04:43;Cancelled;"SCALASejYQnxEEH";"Riot Platforms";Security;Sell;US7672921050;0;0,00;0,00;0,00;0,00;EUR
2023-12-21;16:01:57;Executed;"SCALmAty4twc1aq";"Riot Platforms";Security;Buy;US7672921050;33;14,972;-494,076;0,00;0,00;EUR
2023-12-21;15:44:48;Executed;"SCALrMwAst3pa3j";"Riot Platforms";Security;Buy;US7672921050;33;15,12;-498,96;0,00;0,00;EUR
2023-12-21;09:23:57;Executed;"SCALbdxsox3VMw2";"Riot Platforms";Security;Buy;US7672921050;32;15,498;-495,936;0,00;0,00;EUR
2023-12-20;18:53:01;Executed;"SCALNLUFqjMcKrV";"Marathon Digital";Security;Sell;US5657881067;45;21,45;965,25;0,00;0,00;EUR
2023-12-20;18:21:12;Executed;"SCALUF33a4FrTdK";"Riot Platforms";Security;Buy;US7672921050;31;15,784;-489,304;0,00;0,00;EUR
2023-12-20;17:41:58;Executed;"SCALmHBRnk5SyJk";"Marathon Digital";Security;Buy;US5657881067;23;20,85;-479,55;0,00;0,00;EUR
2023-12-20;16:09:50;Executed;"SCALyky7xpQZTgX";"Riot Platforms";Security;Sell;US7672921050;31;16,086;498,666;0,00;0,00;EUR
2023-12-20;15:41:25;Executed;"SCALyAMZ7FLkxue";"Marathon Digital";Security;Buy;US5657881067;22;21,85;-480,70;0,00;0,00;EUR
2023-12-20;15:34:14;Executed;"SCALFU15kX9hTVu";"Riot Platforms";Security;Buy;US7672921050;31;16,124;-499,844;0,00;0,00;EUR
2023-12-20;08:45:18;Executed;"SCALshvEPDN6myR";"CoinShares Physical XRP";Security;Sell;GB00BLD4ZN31;2;21,214;42,428;1,28;0,00;EUR
2023-12-20;08:44:39;Executed;"SCALxLi84m89Hsg";"Aurora Cannabis";Security;Sell;CA05156X8843;146;0,4277;62,4442;0,99;0,00;EUR
2023-12-20;08:44:19;Cancelled;"SCALFC2Q8vnXybH";"Aurora Cannabis";Security;Sell;CA05156X8843;0;0,00;0,00;0,00;0,00;EUR
2023-12-20;08:43:34;Executed;"SCALb7A6MqaNRfW";"CLEANSPARK INC.";Security;Sell;US18452B2097;42;9,62;404,04;0,00;0,00;EUR
2023-12-20;08:43:18;Executed;"SCALYRK8ZQ8fpyp";"Riot Platforms";Security;Sell;US7672921050;63;15,502;976,626;0,00;0,00;EUR
2023-12-20;08:42:47;Cancelled;"SCALs22FFH8vT7x";"Riot Platforms";Security;Sell;US7672921050;0;0,00;0,00;0,00;0,00;EUR
2023-12-20;08:42:12;Executed;"SCALeTFTbcvVHEJ";"Riot Platforms";Security;Sell;US7672921050;33;15,502;511,566;0,00;0,00;EUR
2023-12-19;20:46:30;Executed;"SCALhigPj93MyPu";"CLEANSPARK INC.";Security;Buy;US18452B2097;42;9,51;-399,42;0,00;0,00;EUR
2023-12-19;18:14:18;Executed;"SCALbg781hrzQ6o";"Riot Platforms";Security;Buy;US7672921050;33;15,114;-498,762;0,00;0,00;EUR
2023-12-19;17:51:23;Executed;"SCAL5AoqLjZ4sM4";"Riot Platforms";Security;Buy;US7672921050;63;15,50;-976,50;0,00;0,00;EUR
2023-12-19;17:00:20;Executed;"SCALuZUSHzrfv3V";"Snap";Security;Sell;US83304A1060;32;15,55;497,60;0,00;0,00;EUR
2023-12-19;16:17:44;Executed;"SCAL8fPA2AdaiaT";"Riot Platforms";Security;Sell;US7672921050;64;15,99;1.023,36;0,00;0,00;EUR
2023-12-19;16:13:45;Cancelled;"SCALDLc9FhHwuKV";"NIO ADR";Security;Buy;US62914V1061;0;0,00;0,00;0,00;0,00;EUR
2023-12-19;16:08:43;Cancelled;"SCAL3qZ6imqcCVn";"Snap";Security;Sell;US83304A1060;0;0,00;0,00;0,00;0,00;EUR
2023-12-19;15:45:33;Executed;"SCALjXmDrKxFbsk";"Riot Platforms";Security;Buy;US7672921050;64;15,548;-995,072;0,00;0,00;EUR
2023-12-19;15:42:07;Executed;"SCALLUuPHFx6ojp";"Snap";Security;Buy;US83304A1060;32;15,27;-488,64;0,00;0,00;EUR
2023-12-19;11:46:27;Executed;"SCALxVvXghjy8Lh";"Aurora Cannabis";Security;Buy;CA05156X8843;113;0,4399;-49,7087;0,99;0,00;EUR
2023-12-18;01:00:00;Executed;"931321012";"SCALABLE CAPITAL";Cash;Deposit;;;;2.000,00;0,00;;EUR
2023-09-28;02:00:00;Executed;"52023003";"KKT-Abschluss";Cash;Interest;;;;-0,53;0,00;2,25;EUR
2023-08-04;02:00:00;Executed;"926691327";"Coinshares Produktkosten Erstattung";Cash;Deposit;;;;0,52;0,00;;EUR
2023-07-31;02:00:00;Executed;"WWUM 00213170203";"CLOVIS ONCOLOGY INC.";Security;Corporate action;US1894641000;-47;0,00;0,00;;;EUR
2023-06-30;02:00:00;Executed;"52023002";"KKT-Abschluss";Cash;Interest;;;;-0,34;0,00;0,09;EUR
2023-03-31;02:00:00;Executed;"52023001";"KKT-Abschluss";Cash;Interest;;;;-0,22;0,00;0,23;EUR
2023-02-20;01:00:00;Executed;"SPRIME1272018001";"PRIME+ Subscription Fee";Cash;Fee;;;;-35,88;0,00;;EUR
2023-01-02;15:44:40;Executed;"SCALXKt6C9SHFgi";"AURORA CANNABIS INC.";Security;Buy;CA05156X8843;33;0,8899;-29,3667;0,99;0,00;EUR
2022-09-21;02:00:00;Executed;"916251254";"Coinshares Produktkosten Erstattung";Cash;Deposit;;;;0,03;0,00;;EUR
2021-12-22;10:33:38;Executed;"SCALiiFtwBQDmPm";"CoinShares Physical XRP";Security;Buy;GB00BLD4ZN31;2;33,967;-67,934;0,00;0,00;EUR
2021-12-15;01:00:00;Executed;"908531805";"Gutschrift";Cash;Deposit;;;;100,00;0,00;;EUR
2021-12-10;15:31:27;Executed;"SCALnhxegBVuaEQ";"CLOVIS ONCOLOGY INC.";Security;Buy;US1894641000;47;2,609;-122,623;0,00;0,00;EUR
2021-11-11;01:00:00;Executed;"NIRKAHSXG2OAY8MGESXHXG";"Scalable Capital Broker Auszahlung";Cash;Withdrawal;;;;-750,00;0,00;;EUR
2021-11-08;19:46:15;Executed;"SCALwYpU7KPXXe8";"CLOVIS ONCOLOGY INC.";Security;Sell;US1894641000;213;3,779;804,927;0,00;0,00;EUR
2021-09-15;14:44:56;Executed;"SCALRGyGKAa3QXh";"CLOVIS ONCOLOGY INC.";Security;Buy;US1894641000;213;3,657;-778,941;0,00;0,00;EUR
2021-09-15;14:42:42;Executed;"SCALiJjymJvFKPh";"CLOVIS ONCOLOGY INC.";Security;Sell;US1894641000;231;3,593;829,9829;0,00;0,00;EUR
2021-09-06;02:00:00;Executed;"7LSZZYY8TPHAXB9AUPSWRR";"Scalable Capital Broker Auszahlung";Cash;Withdrawal;;;;-400,00;0,00;;EUR
2021-08-31;02:00:00;Executed;"AVJB67CFVXY34Q12PITNZL";"Scalable Capital Broker Auszahlung";Cash;Withdrawal;;;;-3.000,00;0,00;;EUR
2021-08-27;20:54:27;Executed;"SCALxDSPbPHfF4R";"Gevo Inc";Security;Sell;US3743964062;599;5,558;3.329,242;0,00;0,00;EUR
2021-08-13;15:02:40;Executed;"SCALtKpLpSgHBmt";"Gevo Inc";Security;Buy;US3743964062;106;4,709;-499,154;0,00;0,00;EUR
2021-08-12;10:18:06;Executed;"SCALGorFwjry5ip";"BIONANO GENOMICS INC.";Security;Sell;US09075F1075;99;5,126;507,474;0,00;0,00;EUR
2021-08-11;16:06:37;Executed;"SCALnYiC7vNrghR";"Gevo Inc";Security;Buy;US3743964062;98;5,072;-497,056;0,00;0,00;EUR
2021-08-10;15:42:59;Executed;"SCALCN2rHmfKEXF";"NANODIMENSION LTD.";Security;Sell;US63008G2030;93;5,88;546,84;0,00;0,00;EUR
2021-08-02;08:26:59;Executed;"SCALfbm4V61XfLQ";"Gevo Inc";Security;Buy;US3743964062;54;5,062;-273,348;0,00;0,00;EUR
2021-07-29;18:05:11;Executed;"SCALE63oQBN2J46";"CLOVIS ONCOLOGY INC.";Security;Buy;US1894641000;64;4,193;-268,3519;0,00;0,00;EUR
2021-07-27;17:40:10;Executed;"SCALxFQLHjPcTaC";"Gevo Inc";Security;Buy;US3743964062;105;4,744;-498,12;0,00;0,00;EUR
2021-07-26;19:27:59;Executed;"SCALHBi8G1sbMBN";"BIONANO GENOMICS INC.";Security;Buy;US09075F1075;99;5,024;-497,376;0,00;0,00;EUR
2021-07-26;19:27:15;Executed;"SCALoTwQFx7kqDj";"NANODIMENSION LTD.";Security;Buy;US63008G2030;93;5,34;-496,62;0,00;0,00;EUR
2021-07-26;18:58:19;Executed;"SCALK6SyrDQgeeL";"American Airlines Grp. Inc";Security;Sell;US02376R1023;84;18,404;1.545,936;0,00;0,00;EUR
2021-07-21;08:15:17;Executed;"SCALAgcJeKwLu6b";"CLOVIS ONCOLOGY INC.";Security;Buy;US1894641000;67;4,449;-298,083;0,00;0,00;EUR
2021-07-20;11:21:35;Executed;"SCALmPDwif8e7Vv";"Deutsche Lufthansa AG";Security;Sell;DE0008232125;79;9,695;765,905;0,00;0,00;EUR
2021-07-19;15:56:52;Executed;"SCALrwcDFCZn154";"American Airlines Grp. Inc";Security;Buy;US02376R1023;25;15,65;-391,25;0,00;0,00;EUR
2021-07-16;19:41:57;Executed;"SCALsT3wwg1RbuM";"Deutsche Lufthansa AG";Security;Sell;DE0008232125;30;9,71;291,30;0,00;0,00;EUR
2021-07-14;20:28:47;Executed;"SCALhBDRvP2ceZ8";"Gevo Inc";Security;Buy;US3743964062;59;5,084;-299,956;0,00;0,00;EUR
2021-07-08;13:06:03;Executed;"SCALbVb7z2jXQa4";"Gevo Inc";Security;Buy;US3743964062;56;5,344;-299,264;0,00;0,00;EUR
2021-07-08;10:47:19;Executed;"SCALsaV4ksULEow";"American Airlines Grp. Inc";Security;Buy;US02376R1023;17;16,69;-283,73;0,00;0,00;EUR
2021-07-01;22:46:48;Rejected;"SCALPLe5VY4mscd";"BIONANO GENOMICS INC.";Security;Buy;US09075F1075;0;0,00;0,00;0,00;0,00;EUR
2021-06-29;21:35:11;Executed;"SCALy85bTNoM9Y4";"Gevo Inc";Security;Buy;US3743964062;47;6,346;-298,262;0,00;0,00;EUR
2021-06-29;21:33:14;Executed;"SCAL5y9ZaMkACKk";"CLOVIS ONCOLOGY INC.";Security;Buy;US1894641000;100;4,974;-497,40;0,00;0,00;EUR
2021-06-28;17:16:37;Executed;"SCALcAx96xKewNr";"Deutsche Lufthansa AG";Security;Buy;DE0008232125;28;9,504;-266,112;0,00;0,00;EUR
2021-06-28;15:58:10;Executed;"SCALffLYaq6PKyZ";"American Airlines Grp. Inc";Security;Buy;US02376R1023;16;17,968;-287,488;0,00;0,00;EUR
2021-06-28;13:21:43;Executed;"SCALRSGDExxnMU3";"Deutsche Lufthansa AG";Security;Buy;DE0008232125;31;9,601;-297,6309;0,00;0,00;EUR
2021-06-28;08:35:53;Executed;"SCALbKSeVz2wEAJ";"American Airlines Grp. Inc";Security;Buy;US02376R1023;26;18,726;-486,876;0,00;0,00;EUR
2021-06-25;19:46:54;Executed;"SCALdSqdT1ZZR1s";"CLOVIS ONCOLOGY INC.";Security;Sell;US1894641000;365;5,42;1.978,30;0,00;0,00;EUR
2021-06-25;19:27:45;Cancelled;"SCAL4nwjgZR8a9p";"CLOVIS ONCOLOGY INC.";Security;Sell;US1894641000;0;0,00;0,00;0,00;0,00;EUR
2021-06-25;18:24:30;Executed;"SCALbevn68eBrxf";"Gevo Inc";Security;Buy;US3743964062;74;6,686;-494,764;0,00;0,00;EUR
2021-06-25;18:14:04;Executed;"SCALZj6xhRY55cg";"BIONANO GENOMICS INC.";Security;Sell;US09075F1075;82;6,214;509,548;0,00;0,00;EUR
2021-06-23;20:22:55;Executed;"SCALFCHY75rFhQ6";"Deutsche Lufthansa AG";Security;Buy;DE0008232125;50;9,877;-493,85;0,00;0,00;EUR
2021-06-21;19:41:42;Executed;"SCALYCXBnW8mSAr";"CLOVIS ONCOLOGY INC.";Security;Buy;US1894641000;99;5,03;-497,97;0,00;0,00;EUR
2021-06-21;17:54:29;Executed;"SCALv76Ec3Bxd9q";"CLOVIS ONCOLOGY INC.";Security;Buy;US1894641000;101;4,921;-497,021;0,00;0,00;EUR
2021-06-21;17:43:15;Executed;"SCALngdHHb1YBeT";"BIONANO GENOMICS INC.";Security;Buy;US09075F1075;82;6,066;-497,412;0,00;0,00;EUR
2021-06-09;14:27:20;Executed;"SCALNCnm3KzbmdP";"CLOVIS ONCOLOGY INC.";Security;Buy;US1894641000;83;5,958;-494,514;0,00;0,00;EUR
2021-06-09;14:25:36;Executed;"SCALYxTweNVK1N4";"CLOVIS ONCOLOGY INC.";Security;Buy;US1894641000;82;6,032;-494,624;0,00;0,00;EUR
2021-06-09;11:25:08;Executed;"SCALXQroDaQdz8Z";"Gevo Inc";Security;Sell;US3743964062;167;7,726;1.290,242;0,00;0,00;EUR
2021-06-09;10:54:05;Executed;"SCALwpCcddLxHwT";"CLOVIS ONCOLOGY INC.";Security;Sell;US1894641000;206;5,424;1.117,344;0,00;0,00;EUR
2021-06-08;21:39:00;Cancelled;"SCALM94xFpfTL4F";"Gevo Inc";Security;Sell;US3743964062;0;0,00;0,00;0,00;0,00;EUR
2021-06-08;17:40:04;Cancelled;"SCALxMyQAkpgNcY";"Gevo Inc";Security;Sell;US3743964062;0;0,00;0,00;0,00;0,00;EUR
2021-06-08;17:21:10;Cancelled;"SCAL73MPADz5GYY";"Gevo Inc";Security;Sell;US3743964062;0;0,00;0,00;0,00;0,00;EUR
2021-06-08;17:18:56;Executed;"SCALL2Nkbw8gyBP";"BIONANO GENOMICS INC.";Security;Sell;US09075F1075;258;6,426;1.657,9079;0,00;0,00;EUR
2021-06-01;16:30:24;Executed;"SCALjppmrh5JP5x";"BIONANO GENOMICS INC.";Security;Buy;US09075F1075;61;4,953;-302,133;0,00;0,00;EUR
2021-06-01;16:26:30;Executed;"SCALyZtKmv8igQ1";"SUNDIAL GROWERS INC.";Security;Sell;CA86730L1094;325;0,8164;265,33;0,00;0,00;EUR
2021-06-01;09:45:00;Cancelled;"SCALvN8vsAFEp8b";"SUNDIAL GROWERS INC.";Security;Sell;CA86730L1094;0;0,00;0,00;0,00;0,00;EUR
2021-05-28;16:22:38;Executed;"SCALVFR1Z4fRz28";"CLOVIS ONCOLOGY INC.";Security;Buy;US1894641000;70;4,285;-299,95;0,00;0,00;EUR
2021-05-28;15:43:27;Executed;"SCAL2xVGyvcvxh1";"AMC ENTERTAINMENT HOLDINGS INC";Security;Sell;US00165C1045;10;26,22;262,20;0,00;0,00;EUR
2021-05-28;15:42:43;Cancelled;"SCALbTLFmBQL3pc";"AMC ENTERTAINMENT HOLDINGS INC";Security;Sell;US00165C1045;0;0,00;0,00;0,00;0,00;EUR
2021-05-28;15:38:37;Executed;"SCAL75Pr7eBKvuY";"AMC ENTERTAINMENT HOLDINGS INC";Security;Buy;US00165C1045;10;29,22;-292,20;0,00;0,00;EUR
2021-05-28;15:38:07;Executed;"SCALdrEKTZ2NN96";"NANODIMENSION LTD.";Security;Sell;US63008G2030;62;6,22;385,64;0,00;0,00;EUR
2021-05-26;21:42:26;Cancelled;"SCALphxBkdRhCH1";"Gevo Inc";Security;Sell;US3743964062;0;0,00;0,00;0,00;0,00;EUR
2021-05-26;19:47:11;Cancelled;"SCALmo6p6wVVDUN";"Gevo Inc";Security;Sell;US3743964062;0;0,00;0,00;0,00;0,00;EUR
2021-05-26;19:46:46;Cancelled;"SCALd9b9KEAy7tZ";"BIONANO GENOMICS INC.";Security;Sell;US09075F1075;0;0,00;0,00;0,00;0,00;EUR
2021-05-26;18:48:20;Executed;"SCALa93z9ogEJG7";"AMC ENTERTAINMENT HOLDINGS INC";Security;Sell;US00165C1045;3;15,455;46,365;0,00;0,00;EUR
2021-05-25;21:42:45;Executed;"SCALVkCNePwpeRr";"AMC ENTERTAINMENT HOLDINGS INC";Security;Buy;US00165C1045;3;12,905;-38,715;0,00;0,00;EUR
2021-05-10;18:00:19;Executed;"SCALHUw9qU2UGw1";"BIONANO GENOMICS INC.";Security;Buy;US09075F1075;116;4,308;-499,728;0,00;0,00;EUR
2021-05-07;18:52:36;Executed;"SCALUEhUnCWpKJL";"AURORA CANNABIS INC.";Security;Sell;CA05156X8843;68;7,401;503,268;0,00;0,00;EUR
2021-05-04;02:00:00;Executed;"UH8K4KFMUVPKT2JANA1KUB";"Scalable Capital Broker Auszahlung";Cash;Withdrawal;;;;-500,00;0,00;;EUR
2021-04-29;17:17:07;Executed;"SCAL8C9vegNQT6H";"BIONANO GENOMICS INC.";Security;Buy;US09075F1075;81;5,55;-449,55;0,00;0,00;EUR
2021-04-28;16:26:39;Executed;"SCALQmJh49h9M5H";"Gevo Inc";Security;Buy;US3743964062;167;5,98;-998,66;0,00;0,00;EUR
2021-04-28;16:19:00;Executed;"SCAL58iVhFgpWAJ";"SUNDIAL GROWERS INC.";Security;Buy;CA86730L1094;325;0,7798;-253,435;0,00;0,00;EUR
2021-04-28;16:17:59;Executed;"SCALoPrnK5FXf5U";"AURORA CANNABIS INC.";Security;Buy;CA05156X8843;68;7,318;-497,624;0,00;0,00;EUR
2021-04-28;10:34:23;Executed;"SCALEFypDRAyNYb";"Gevo Inc";Security;Sell;US3743964062;270;5,75;1.552,50;0,00;0,00;EUR
2021-04-28;10:34:09;Executed;"SCAL6Z3qn3KFxFh";"BIONANO GENOMICS INC.";Security;Sell;US09075F1075;201;5,674;1.140,474;0,00;0,00;EUR
2021-04-26;08:01:09;Executed;"SCALLHt1mZeTRJv";"NANODIMENSION LTD.";Security;Buy;US63008G2030;62;6,32;-391,8399;0,00;0,00;EUR
2021-04-23;19:32:37;Executed;"SCALSYFYg6PaxUT";"Gevo Inc";Security;Buy;US3743964062;72;5,498;-395,856;0,00;0,00;EUR
2021-04-23;19:30:34;Executed;"SCAL81FyPKVpTPf";"American Airlines Grp. Inc";Security;Sell;US02376R1023;46;17,312;796,352;0,00;0,00;EUR
2021-04-23;16:13:57;Executed;"SCALVuTMyDsfP4q";"American Airlines Grp. Inc";Security;Buy;US02376R1023;46;17,254;-793,684;0,00;0,00;EUR
2021-04-22;21:32:40;Executed;"SCALaHu5SiubjSm";"CLOVIS ONCOLOGY INC.";Security;Buy;US1894641000;136;5,118;-696,048;0,00;0,00;EUR
2021-04-22;21:30:55;Executed;"SCALgC2HznsEYmV";"Gevo Inc";Security;Buy;US3743964062;197;5,082;-1.001,154;0,00;0,00;EUR
2021-04-22;21:30:25;Executed;"SCALfpZCqLChMPr";"BIONANO GENOMICS INC.";Security;Buy;US09075F1075;201;4,969;-998,769;0,00;0,00;EUR
2021-04-22;20:03:50;Executed;"SCALHfZj1q5rckT";"BIONANO GENOMICS INC.";Security;Sell;US09075F1075;734;4,78;3.508,52;0,00;0,00;EUR
2021-04-14;11:48:22;Executed;"SCALuBUm4UgszoE";"BIONANO GENOMICS INC.";Security;Buy;US09075F1075;45;5,612;-252,54;0,00;0,00;EUR
2021-04-14;11:45:11;Executed;"SCALs8FBcR4L5V9";"BIONANO GENOMICS INC.";Security;Buy;US09075F1075;45;5,65;-254,25;0,00;0,00;EUR
2021-04-13;02:00:00;Executed;"903904726";"Gutschrift";Cash;Deposit;;;;400,00;0,00;;EUR
2021-04-09;16:34:54;Executed;"SCALUcnGy5VND9L";"BIONANO GENOMICS INC.";Security;Buy;US09075F1075;192;6,22;-1.194,24;0,00;0,00;EUR
2021-04-09;16:34:08;Executed;"SCALwQ2fdHJZLsT";"CLOVIS ONCOLOGY INC.";Security;Sell;US1894641000;235;5,37;1.261,95;0,00;0,00;EUR
2021-04-06;02:00:00;Executed;"PZ4FYVPQXDS9ZCXB912U5F";"Scalable Capital Broker Auszahlung";Cash;Withdrawal;;;;-100,00;0,00;;EUR
2021-04-01;16:51:06;Cancelled;"SCALoapU4i93ghu";"CLOVIS ONCOLOGY INC.";Security;Sell;US1894641000;0;0,00;0,00;0,00;0,00;EUR
2021-04-01;15:40:45;Executed;"SCALAUEULAKCoAc";"BIONANO GENOMICS INC.";Security;Buy;US09075F1075;141;7,072;-997,152;0,00;0,00;EUR
2021-03-31;18:14:34;Executed;"SCALypnkMZ3jUL8";"Gevo Inc";Security;Sell;US3743964062;35;8,21;287,35;0,00;0,00;EUR
2021-03-30;20:09:51;Executed;"SCALqk9xNaQrE8t";"American Airlines Grp. Inc";Security;Sell;US02376R1023;38;20,50;779,00;0,00;0,00;EUR
2021-03-30;11:05:56;Executed;"SCALbSeBfy68ge1";"CLOVIS ONCOLOGY INC.";Security;Buy;US1894641000;47;5,406;-254,082;0,00;0,00;EUR
2021-03-30;11:00:16;Executed;"SCALWUsvu4sXpUG";"BIONANO GENOMICS INC.";Security;Buy;US09075F1075;40;6,262;-250,48;0,00;0,00;EUR
2021-03-29;17:38:46;Executed;"SCALqwTY4NtFN1c";"Gevo Inc";Security;Buy;US3743964062;36;6,948;-250,128;0,00;0,00;EUR
2021-03-29;17:36:00;Executed;"SCALDE4ugpRhgtN";"American Airlines Grp. Inc";Security;Buy;US02376R1023;14;19,224;-269,136;0,00;0,00;EUR
2021-03-29;17:20:00;Executed;"SCALUagn1zbsFJo";"BIONANO GENOMICS INC.";Security;Buy;US09075F1075;40;6,252;-250,08;0,00;0,00;EUR
2021-03-29;17:07:57;Executed;"SCALyqrLzSdoaN1";"BIONANO GENOMICS INC.";Security;Buy;US09075F1075;79;6,324;-499,596;0,00;0,00;EUR
2021-03-29;08:28:45;Executed;"SCALMFXMA6E8UK3";"BIONANO GENOMICS INC.";Security;Sell;US09075F1075;276;6,512;1.797,312;0,00;0,00;EUR
2021-03-26;19:21:59;Executed;"SCALPMYK6TwSUpX";"CLOVIS ONCOLOGY INC.";Security;Buy;US1894641000;88;5,305;-466,84;0,00;0,00;EUR
2021-03-26;19:21:43;Executed;"SCALTfwgtj4FfsZ";"ANTERO RESOURCES CORP.";Security;Sell;US03674X1063;52;8,72;453,44;0,00;0,00;EUR
2021-03-26;16:03:30;Executed;"SCALtuCwhWy3SLE";"BIONANO GENOMICS INC.";Security;Buy;US09075F1075;270;6,682;-1.804,14;0,00;0,00;EUR
2021-03-26;16:02:14;Cancelled;"SCALj2dbQwhrZCe";"BIONANO GENOMICS INC.";Security;Buy;US09075F1075;0;0,00;0,00;0,00;0,00;EUR
2021-03-26;15:52:54;Executed;"SCALe3Eh8sYBqss";"GameStop Corp New -A";Security;Sell;US36467W1099;10;163,86;1.638,60;0,00;0,00;EUR
2021-03-26;15:30:03;Executed;"SCALzxMJzDyQE2T";"GameStop Corp New -A";Security;Buy;US36467W1099;10;179,80;-1.798,00;0,00;0,00;EUR
2021-03-25;01:00:00;Executed;"903533502";"Gutschrift";Cash;Deposit;;;;2.000,00;0,00;;EUR
2021-03-24;18:30:22;Executed;"SCALjkAYdS6uM8i";"BIONANO GENOMICS INC.";Security;Buy;US09075F1075;75;6,584;-493,80;0,00;0,00;EUR
2021-03-24;18:30:01;Executed;"SCAL2oXgxXPPePW";"Deutsche Lufthansa AG";Security;Sell;DE0008232125;45;11,005;495,225;0,00;0,00;EUR
2021-03-24;18:29:47;Cancelled;"SCALzWK7QNkFg4i";"Deutsche Lufthansa AG";Security;Sell;DE0008232125;0;0,00;0,00;0,00;0,00;EUR
2021-03-22;12:23:41;Executed;"SCALdXDbGwEANRF";"CLOVIS ONCOLOGY INC.";Security;Buy;US1894641000;100;6,447;-644,70;0,00;0,00;EUR
2021-03-22;10:40:14;Executed;"SCALm9Zf3VwxEHr";"American Airlines Grp. Inc";Security;Buy;US02376R1023;24;20,76;-498,24;0,00;0,00;EUR
2021-03-22;10:03:59;Executed;"SCALCawynd5QGou";"Deutsche Lufthansa AG";Security;Buy;DE0008232125;45;11,075;-498,375;0,00;0,00;EUR
2021-03-19;20:50:19;Executed;"SCALf9oQSZm2p4y";"Gevo Inc";Security;Sell;US3743964062;204;8,05;1.642,20;0,00;0,00;EUR
2021-03-15;09:04:38;Executed;"SCALUgbverskXFN";"ANTERO RESOURCES CORP.";Security;Buy;US03674X1063;52;8,605;-447,46;0,00;0,00;EUR
2021-03-15;09:04:11;Executed;"SCALqxmZMpB6A6R";"Gevo Inc";Security;Sell;US3743964062;30;8,432;252,96;0,00;0,00;EUR
2021-03-10;01:00:00;Executed;"WWEK 03989913";"Johnson & Johnson";Cash;Distribution;US4781601046;;;0,21;0,00;0,10;EUR
2021-03-05;15:59:29;Executed;"SCALJn5PzkKU5Y1";"BIONANO GENOMICS INC.";Security;Buy;US09075F1075;52;5,68;-295,36;0,00;0,00;EUR
2021-03-05;15:59:01;Executed;"SCALV3JcjH4MHZK";"Gevo Inc";Security;Buy;US3743964062;44;5,694;-250,536;0,00;0,00;EUR
2021-03-05;00:15:20;Rejected;"SCALBYGgCbVV9J5";"BIONANO GENOMICS INC.";Security;Buy;US09075F1075;0;0,00;0,00;0,00;0,00;EUR
2021-03-04;22:13:52;Rejected;"SCALM1aUm4LSe7d";"BIONANO GENOMICS INC.";Security;Buy;US09075F1075;0;0,00;0,00;0,00;0,00;EUR
2021-03-04;21:54:35;Executed;"SCAL5iK3SJayofW";"Gevo Inc";Security;Buy;US3743964062;43;5,902;-253,786;0,00;0,00;EUR
2021-03-04;21:48:10;Executed;"SCAL7FrGcxpu3CU";"GameStop Corp New -A";Security;Sell;US36467W1099;8;110,02;880,16;0,00;0,00;EUR
2021-03-04;21:48:10;Executed;"WWUM 33588306";"GameStop Corp New -A";Security;Sell;US36467W1099;-8;116,18;929,44;0,00;0,00;EUR
2021-03-04;21:48:10;Executed;"CANCEL-WWUM 33572077";"GameStop Corp New -A";Security;Sell;US36467W1099;8;110,02;-880,16;0,00;0,00;EUR
2021-03-02;18:13:29;Executed;"SCAL2ujwggj8N4W";"Gevo Inc";Security;Buy;US3743964062;36;8,11;-291,96;0,00;0,00;EUR
2021-03-02;18:13:09;Cancelled;"SCALW8p3JX54pTn";"Gevo Inc";Security;Buy;US3743964062;0;0,00;0,00;0,00;0,00;EUR
2021-03-02;16:19:45;Cancelled;"SCALB572CHBXEzF";"BIONANO GENOMICS INC.";Security;Buy;US09075F1075;0;0,00;0,00;0,00;0,00;EUR
2021-03-02;10:40:36;Executed;"SCALUb3dj8ng4xp";"BIONANO GENOMICS INC.";Security;Buy;US09075F1075;31;8,222;-254,882;0,00;0,00;EUR
2021-03-02;10:37:13;Cancelled;"SCALEJg2dLgsan6";"BIONANO GENOMICS INC.";Security;Buy;US09075F1075;0;0,00;0,00;0,00;0,00;EUR
2021-03-01;01:00:00;Executed;"903279888";"Investmemt 02.2021";Cash;Deposit;;;;500,00;0,00;;EUR
2021-02-25;20:18:27;Executed;"SCALxhYRcaoB6vD";"GameStop Corp New -A";Security;Buy;US36467W1099;8;109,82;-878,56;0,00;0,00;EUR
2021-02-25;20:07:47;Executed;"SCALWktf5u51fSm";"GameStop Corp New -A";Security;Sell;US36467W1099;7;115,08;805,5599;0,00;0,00;EUR
2021-02-25;16:09:02;Executed;"SCALsrn69UzZyTi";"GameStop Corp New -A";Security;Buy;US36467W1099;3;98,81;-296,43;0,00;0,00;EUR
2021-02-25;16:03:48;Executed;"SCALN9a8vCLfAUN";"Gevo Inc";Security;Sell;US3743964062;56;8,89;497,84;0,00;0,00;EUR
2021-02-25;15:39:43;Executed;"SCALmJsSsHxWcX7";"GameStop Corp New -A";Security;Buy;US36467W1099;4;126,78;-507,12;0,00;0,00;EUR
2021-02-25;15:35:14;Cancelled;"SCALeSA7hBT8MSd";"GameStop Corp New -A";Security;Buy;US36467W1099;0;0,00;0,00;0,00;0,00;EUR
2021-02-25;15:32:32;Executed;"SCALZiHfq4oSTso";"Gevo Inc";Security;Sell;US3743964062;55;9,044;497,42;0,00;0,00;EUR
2021-02-23;11:59:34;Executed;"SCALb9FM5m9xSAJ";"Gevo Inc";Security;Buy;US3743964062;55;8,164;-449,02;0,00;0,00;EUR
2021-02-23;11:59:01;Executed;"SCAL3XC6kXGgsR1";"AURORA CANNABIS INC.";Security;Sell;CA05156X8843;29;8,465;245,485;0,00;0,00;EUR
2021-02-23;11:58:21;Executed;"SCALwmWZvbgnFxn";"SUNDIAL GROWERS INC.";Security;Sell;CA86730L1094;78;1,03;80,34;0,00;0,00;EUR
2021-02-23;11:57:32;Executed;"SCAL1BKGwWwdeP6";"Coca-Cola Co";Security;Sell;US1912161007;1,221;41,51;50,6837;0,00;0,00;EUR
2021-02-23;11:57:09;Executed;"SCALcFaAWQLY6eA";"Johnson & Johnson";Security;Sell;US4781601046;0,367;133,24;48,899;0,00;0,00;EUR
2021-02-23;11:56:50;Executed;"SCALKJ33MEArAaM";"Deutsche Lufthansa AG";Security;Sell;DE0008232125;4,533;11,515;52,1974;0,00;0,00;EUR
2021-02-18;21:05:04;Executed;"SCALveAScD1umt6";"Gevo Inc";Security;Buy;US3743964062;28;9,006;-252,168;0,00;0,00;EUR
2021-02-18;21:02:37;Executed;"SCALhedTDZ1rNLW";"Deutsche Bank AG";Security;Sell;DE0005140008;27;9,213;248,751;0,00;0,00;EUR
2021-02-17;10:01:03;Executed;"SCAL45ZXJiMxP9v";"Deutsche Bank AG";Security;Buy;DE0005140008;27;9,564;-258,228;0,00;0,00;EUR
2021-02-16;22:33:53;Rejected;"SCALGNFou575PiQ";"Tilray Inc";Security;Buy;US88688T1007;0;0,00;0,00;0,00;0,00;EUR
2021-02-16;22:30:51;Rejected;"SCALQtg1MJefgzB";"Tilray Inc";Security;Buy;US88688T1007;0;0,00;0,00;0,00;0,00;EUR
2021-02-16;18:13:21;Executed;"SCALqhd3wAaHExU";"Gevo Inc";Security;Buy;US3743964062;23;11,235;-258,4049;0,00;0,00;EUR
2021-02-16;18:12:41;Executed;"SCALvVPdEyFc1HJ";"The Walt Disney Co.";Security;Sell;US2546871060;2;152,76;305,52;0,00;0,00;EUR
2021-02-16;16:56:07;Executed;"SCALsTu3Dn6xu1m";"Gevo Inc";Security;Buy;US3743964062;22;11,58;-254,76;0,00;0,00;EUR
2021-02-15;09:42:00;Executed;"SCALe6ZQqCHeJyt";"AMC ENTERTAINMENT HOLDINGS INC";Security;Sell;US00165C1045;54;4,70;253,80;0,00;0,00;EUR
2021-02-12;19:49:14;Cancelled;"SCALSgzBw1yXav5";"AMC ENTERTAINMENT HOLDINGS INC";Security;Sell;US00165C1045;0;0,00;0,00;0,00;0,00;EUR
2021-02-12;17:03:28;Executed;"SCALJMHC9c8fsWH";"The Walt Disney Co.";Security;Buy;US2546871060;2;155,48;-310,96;0,00;0,00;EUR
2021-02-12;16:47:23;Executed;"SCALi6LHYDA1ZUg";"BIONANO GENOMICS INC.";Security;Sell;US09075F1075;24;10,205;244,92;0,00;0,00;EUR
2021-02-12;16:38:06;Cancelled;"SCALgJwcRPyvWUW";"BIONANO GENOMICS INC.";Security;Sell;US09075F1075;0;0,00;0,00;0,00;0,00;EUR
2021-02-12;16:08:51;Executed;"SCALxsHSuGPw5GJ";"BIONANO GENOMICS INC.";Security;Sell;US09075F1075;25;10,51;262,75;0,00;0,00;EUR
2021-02-12;16:05:13;Cancelled;"SCALwntCWTLfyd2";"BIONANO GENOMICS INC.";Security;Sell;US09075F1075;0;0,00;0,00;0,00;0,00;EUR
2021-02-12;16:00:24;Cancelled;"SCALiPpexW3mTGM";"AMC ENTERTAINMENT HOLDINGS INC";Security;Sell;US00165C1045;0;0,00;0,00;0,00;0,00;EUR
2021-02-12;15:51:08;Cancelled;"SCALQtVbWLZWKE4";"AMC ENTERTAINMENT HOLDINGS INC";Security;Sell;US00165C1045;0;0,00;0,00;0,00;0,00;EUR
2021-02-11;08:24:49;Executed;"SCALUcwevUDuWdm";"SUNDIAL GROWERS INC.";Security;Buy;CA86730L1094;78;3,22;-251,16;0,00;0,00;EUR
2021-02-11;08:11:46;Rejected;"SCALZGxRtXALfAY";"SUNDIAL GROWERS INC.";Security;Buy;CA86730L1094;0;0,00;0,00;0,00;0,00;EUR
2021-02-11;08:10:32;Executed;"SCALroEKWUdmbaS";"BIONANO GENOMICS INC.";Security;Sell;US09075F1075;27;9,368;252,936;0,00;0,00;EUR
2021-02-11;07:30:29;Cancelled;"SCALEVftQiHhcij";"BIONANO GENOMICS INC.";Security;Sell;US09075F1075;0;0,00;0,00;0,00;0,00;EUR
2021-02-10;20:39:57;Executed;"SCALFTPhjDhkJK7";"AURORA CANNABIS INC.";Security;Buy;CA05156X8843;29;15,08;-437,32;0,00;0,00;EUR
2021-02-10;20:37:36;Executed;"SCALJCWp1AeGd4H";"BIONANO GENOMICS INC.";Security;Sell;US09075F1075;26;9,682;251,732;0,00;0,00;EUR
2021-02-09;15:40:14;Executed;"SCAL78LQqwQZC8A";"AMC ENTERTAINMENT HOLDINGS INC";Security;Buy;US00165C1045;54;4,66;-251,64;0,00;0,00;EUR
2021-02-09;15:38:36;Executed;"SCAL4pBv8PUPkMo";"BIONANO GENOMICS INC.";Security;Sell;US09075F1075;25;10,37;259,25;0,00;0,00;EUR
2021-02-09;15:33:03;Cancelled;"SCALe1PsS6L5aF6";"BIONANO GENOMICS INC.";Security;Sell;US09075F1075;0;0,00;0,00;0,00;0,00;EUR
2021-02-09;15:21:47;Cancelled;"SCALbo4ffhyC5QL";"BIONANO GENOMICS INC.";Security;Sell;US09075F1075;0;0,00;0,00;0,00;0,00;EUR
2021-02-03;11:22:31;Executed;"SCALWSydHebACQD";"Coca-Cola Co";Security;Savings plan;US1912161007;1,221;40,935;-49,9816;0,00;0,00;EUR
2021-02-03;11:15:02;Executed;"SCALFTmHhiETZpU";"Deutsche Lufthansa AG";Security;Savings plan;DE0008232125;4,533;11,03;-49,9989;0,00;0,00;EUR
2021-02-03;09:41:45;Cancelled;"SCALsDVuL4itLGS";"BIONANO GENOMICS INC.";Security;Sell;US09075F1075;0;0,00;0,00;0,00;0,00;EUR
2021-02-02;11:13:31;Executed;"SCALCyiFy52cMqd";"Johnson & Johnson";Security;Savings plan;US4781601046;0,367;136,08;-49,9413;0,00;0,00;EUR
2021-02-02;01:00:00;Executed;"PGME2QJDVJDJJBYAIPKD7S";"Scalable Capital Sparplan US1912161007";Cash;Deposit;;;;50,00;0,00;;EUR
2021-02-02;01:00:00;Executed;"SE8CSF39WDKZN95FIZU2C1";"Scalable Capital Sparplan DE0008232125";Cash;Deposit;;;;50,00;0,00;;EUR
2021-02-01;01:00:00;Executed;"2HSK2NNDXU3DZVKVKFR93Y";"Scalable Capital Broker Einzahlung";Cash;Deposit;;;;300,00;0,00;;EUR
2021-02-01;01:00:00;Executed;"XFTGMU96KWKYJLKAFRVUBK";"Scalable Capital Sparplan US4781601046";Cash;Deposit;;;;50,00;0,00;;EUR
2021-01-27;01:00:00;Executed;"CANCEL-FJWTKQOUWTM3KGDR94R4T5";"Rücklastschrift: Scalable Capital Broker Einzahlung";Cash;Deposit;;;;-103,23;0,00;;EUR
2021-01-26;21:19:15;Executed;"SCALBHrzjmCXwDn";"Gevo Inc";Security;Buy;US3743964062;25;10,325;-258,125;0,00;0,00;EUR
2021-01-26;21:17:53;Executed;"SCALiHA4yR3WeW7";"BIONANO GENOMICS INC.";Security;Buy;US09075F1075;26;9,996;-259,896;0,00;0,00;EUR
2021-01-26;18:43:08;Executed;"SCALPQyt5wU9pk9";"GameStop Corp New -A";Security;Sell;US36467W1099;4;79,63;318,52;0,00;0,00;EUR
2021-01-26;18:42:56;Cancelled;"SCALT6rVV7AWaW4";"GameStop Corp New -A";Security;Sell;US36467W1099;0;0,00;0,00;0,00;0,00;EUR
2021-01-26;18:34:06;Cancelled;"SCALFKqL7dSorHT";"GameStop Corp New -A";Security;Sell;US36467W1099;0;0,00;0,00;0,00;0,00;EUR
2021-01-26;18:30:46;Executed;"SCALCY4N5tnTwtZ";"GameStop Corp New -A";Security;Buy;US36467W1099;4;77,15;-308,60;0,00;0,00;EUR
2021-01-26;18:30:21;Cancelled;"SCALkio4z5X5ydx";"BIONANO GENOMICS INC.";Security;Buy;US09075F1075;0;0,00;0,00;0,00;0,00;EUR
2021-01-26;18:10:51;Cancelled;"SCAL5fFSwMpKktm";"BIONANO GENOMICS INC.";Security;Sell;US09075F1075;0;0,00;0,00;0,00;0,00;EUR
2021-01-26;16:55:12;Executed;"SCALPYQi1iJQmpa";"iShares EM Dividend UCITS ETF USD (Dist)";Security;Sell;IE00B652H904;28;16,964;474,992;0,00;0,00;EUR
2021-01-26;16:54:45;Cancelled;"SCAL2bM4XDeNioo";"iShares EM Dividend UCITS ETF USD (Dist)";Security;Sell;IE00B652H904;0;0,00;0,00;0,00;0,00;EUR
2021-01-26;16:38:29;Cancelled;"SCALcurJQsQY7UY";"iShares EM Dividend UCITS ETF USD (Dist)";Security;Sell;IE00B652H904;0;0,00;0,00;0,00;0,00;EUR
2021-01-26;16:31:46;Cancelled;"SCALwiXvpgDFqvi";"BIONANO GENOMICS INC.";Security;Sell;US09075F1075;0;0,00;0,00;0,00;0,00;EUR
2021-01-26;11:56:23;Executed;"SCALyGZJfbUQ7wC";"BIONANO GENOMICS INC.";Security;Buy;US09075F1075;25;10,225;-255,625;0,00;0,00;EUR
2021-01-26;11:56:10;Cancelled;"SCALFqgPihW8f7v";"BIONANO GENOMICS INC.";Security;Buy;US09075F1075;0;0,00;0,00;0,00;0,00;EUR
2021-01-26;11:49:31;Cancelled;"SCALnx9ozdHPzaH";"Deutsche Lufthansa AG";Security;Buy;DE0008232125;0;0,00;0,00;0,00;0,00;EUR
2021-01-25;21:33:07;Executed;"SCALo3YwxMmYups";"BIONANO GENOMICS INC.";Security;Buy;US09075F1075;25;10,395;-259,875;0,00;0,00;EUR
2021-01-25;21:31:53;Cancelled;"SCALKpTcL2zUu27";"BIONANO GENOMICS INC.";Security;Buy;US09075F1075;0;0,00;0,00;0,00;0,00;EUR
2021-01-25;21:30:40;Rejected;"SCALLq7tZMpHbxS";"BIONANO GENOMICS INC.";Security;Buy;US09075F1075;0;0,00;0,00;0,00;0,00;EUR
2021-01-25;21:17:32;Cancelled;"SCALFFW9byMBVLr";"BIONANO GENOMICS INC.";Security;Buy;US09075F1075;0;0,00;0,00;0,00;0,00;EUR
2021-01-25;21:04:35;Cancelled;"SCALJa9FhiWTHLQ";"BIONANO GENOMICS INC.";Security;Buy;US09075F1075;0;0,00;0,00;0,00;0,00;EUR
2021-01-25;20:56:06;Executed;"SCALBK9ZnBTfDoX";"LTC Properties Inc";Security;Sell;US5021751020;8;32,96;263,68;0,00;0,00;EUR
2021-01-25;20:55:48;Cancelled;"SCALMsiRNZzasB3";"LTC Properties Inc";Security;Sell;US5021751020;0;0,00;0,00;0,00;0,00;EUR
2021-01-25;20:54:28;Cancelled;"SCALRHQCgFVjJMS";"LTC Properties Inc";Security;Sell;US5021751020;0;0,00;0,00;0,00;0,00;EUR
2021-01-25;20:52:39;Executed;"SCALWc5UdSzi41B";"BIONANO GENOMICS INC.";Security;Buy;US09075F1075;24;10,485;-251,64;0,00;0,00;EUR
2021-01-25;20:50:51;Cancelled;"SCALoE5ZxpqDsFv";"BIONANO GENOMICS INC.";Security;Buy;US09075F1075;0;0,00;0,00;0,00;0,00;EUR
2021-01-25;20:44:51;Executed;"SCALuwwxu1ir6jg";"BIONANO GENOMICS INC.";Security;Buy;US09075F1075;27;10,70;-288,90;0,00;0,00;EUR
2021-01-25;20:41:51;Executed;"SCALqwuL4ApBByZ";"Invesco EQQQ NASDAQ-100 UCITS ETF Dist";Security;Sell;IE0032077012;2;271,00;542,00;0,00;0,63;EUR
2021-01-25;16:54:31;Cancelled;"SCALKxjbpwgBjG8";"LTC Properties Inc";Security;Sell;US5021751020;0;0,00;0,00;0,00;0,00;EUR
2021-01-25;15:18:30;Cancelled;"SCALvgtgRoxGDzT";"LTC Properties Inc";Security;Sell;US5021751020;0;0,00;0,00;0,00;0,00;EUR
2021-01-25;01:00:00;Executed;"FJWTKQOUWTM3KGDR94R4T5";"Scalable Capital Broker Einzahlung";Cash;Deposit;;;;100,00;0,00;;EUR
2021-01-25;01:00:00;Executed;"AASE 01012800";"Steuerausgleich";Cash;Taxes;;;;0,63;0,00;;EUR
2021-01-21;13:42:44;Executed;"SCALX5pMYsKzk8q";"iShares EM Dividend UCITS ETF USD (Dist)";Security;Buy;IE00B652H904;28;17,50;-490,00;0,00;0,00;EUR
2021-01-21;12:15:35;Cancelled;"SCALtVKxUY3JUks";"iShares EM Dividend UCITS ETF USD (Dist)";Security;Buy;IE00B652H904;0;0,00;0,00;0,00;0,00;EUR
2021-01-21;10:24:24;Executed;"SCALTsom79fQCg9";"Invesco EQQQ NASDAQ-100 UCITS ETF Dist";Security;Buy;IE0032077012;2;269,30;-538,60;0,00;0,00;EUR
2021-01-21;10:23:01;Cancelled;"SCALf8oeL5AsRGJ";"Invesco EQQQ NASDAQ-100 UCITS ETF Dist";Security;Buy;IE0032077012;0;0,00;0,00;0,00;0,00;EUR
2021-01-20;18:39:23;Executed;"SCALg2Cz6ctwWi7";"Gevo Inc";Security;Buy;US3743964062;35;7,148;-250,18;0,00;0,00;EUR
2021-01-20;18:28:57;Cancelled;"SCAL5d4rcvvxpUj";"Apple Inc";Security;Buy;US0378331005;0;0,00;0,00;0,00;0,00;EUR
2021-01-20;12:29:59;Executed;"SCALA8U5D5UufHF";"LTC Properties Inc";Security;Buy;US5021751020;8;33,49;-267,92;0,00;0,00;EUR
2021-01-20;12:25:18;Cancelled;"SCALLXUW5P46mBa";"Apple Inc";Security;Buy;US0378331005;0;0,00;0,00;0,00;0,00;EUR
2021-01-20;11:22:09;Cancelled;"SCAL8vSFvGrqVPi";"LTC Properties Inc";Security;Buy;US5021751020;0;0,00;0,00;0,00;0,00;EUR
2021-01-20;11:01:49;Executed;"SCALxKDnAZRkom4";"Gevo Inc";Security;Buy;US3743964062;34;7,492;-254,728;0,00;0,00;EUR
2021-01-20;01:00:00;Executed;"CZLSPZMTQSHSX7EPTTJLUN";"Scalable Capital Broker Erste Einzahlung";Cash;Deposit;;;;1.000,00;0,00;;EUR
2021-01-19;01:00:00;Executed;"902684816";"Scalable capital";Cash;Deposit;;;;1.000,00;0,00;;EUR
